Product Name,Price,Reviews
"Google Pixel 7 Single SIM, 5G, 8GB Ram, 256GB, Obsidian, US Version, Bluetooth, Wi-Fi","25,550",360
"SAMSUNG Galaxy Z Fold6, AI Phone, 12GB RAM, 512GB Storage, Silver Shadow, Android Smartphone, 50MP Camera, Big Screen, Multi-tasking, S Pen, Long Battery Life, UAE Version","84,950",13
"SAMSUNG Galaxy Z Fold6, 12GB RAM, 256GB Storage, Navy, Big Screen, 1 year Seller Warranty (International Version)","76,950",25
"Samsung Galaxy A06 Dual Sim 6GB RAM 128GB Storage Android Smartphone, 6.7-Inch Screen Size, Black- 1 Year Warranty/Local Version","5,831","2,493"
"Xiaomi Redmi A5 Smartphone 4GB + 128GB, Battery 5200mAh Octa-Core Processor, 32MP Al Dual Camera, 6.88 Inch Display, Midnight Black| 18 Month manufacturer warranty","4,774",29
"Samsung Galaxy A05s, LTE, Android Smartphone, Dual SIM Mobile Phone, 6GB RAM, 128GB Storage, Black, 1 Year Warranty/Local Version","5,999","2,767"
"Samsung Galaxy A26 5G, Android Smartphone, 256GB Storage, 8GB RAM, Black, 50MP Camera, Large Display, Long Battery Life 1 Year Warranty/Local Version","13,499",200
"Xiaomi Redmi 15C Smartphone from 8 + 256 GB, Black Midnight, Screen of 6.9 Inch 120 Hz, MediaTek Helio G81-Ultr, Camera from 50MP, Charger Included | 18 Month Local warranty","6,990",188
"Xiaomi Redmi Note 14 Smartphone, 6 + 128 GB, Black, 108 MP AI Camera System, 5500 mAh Battery, 120 Hz Eye Protection Display, AI Functions | 18 Month manufacturer warranty","7,999",265
"Samsung Galaxy A16 LTE, Android Smartphone, Dual SIM Mobile Phone, 8GB RAM, 256GB Storage, Black (1 Year Local Warranty)","16,199",127
"Samsung Galaxy A55 5G, Android Smartphone, Dual SIM Mobile Phone, 8GB RAM, 128GB Storage, Awesome Navy -1 Year Warranty/Local Version, Tax Paid","9,777","1,359"
"Xiaomi Redmi Note 14 Smartphone, 8 + 256 GB, Black, 108 MP AI Camera System, 5500 mAh Battery, 120 Hz Eye Protection Display, AI Functions | 18 Month manufacturer warranty","5,299",265
"Samsung Galaxy A05s, Android Smartphone, Dual SIM Mobile Phone, LTE, 4GB RAM, 128GB Storage, Silver","5,399","2,767"
Infinix Hot 50i 4G Smartphone 256GB Storage 8+8GB RAM - Titanium Grey,"5,377",64
"Samsung Galaxy A05s, LTE, Android Smartphone, Dual SIM Mobile Phone, 4GB RAM, 128GB Storage, Black","3,499","2,767"
"itel A50|6.6"" HD+ Display with Dynamic Bar| 3GB RAM +64GB ROM, Upto 8GB RAM with Memory Fusion|Octacore Processor|8MP AI Dual Rear Cam|5000 mAh Battery | Lime Green","12,599",182
"Motorola Moto g85 5G 12GB RAM 256GB UFS Android 14 pOLED Smartphone, Urban Grey, 2 years Warranty (Pack include charger and cover)","4,806",20
"Samsung Galaxy A06 Dual Sim 4GB RAM 64GB Storage Android Smartphone, 6.7-Inch Screen Size, Light Blue- 1 Year Warranty/Local Version","6,890","2,493"
"Xiaomi Redmi 13 Ocean Blue 8GB RAM 128GB ROM Mediatek helio G91 ultra processor| 6.79"" FHD+ 90Hz display | Triple Camera, 13MP Front camera | 2-pin charger |1 year manufacturer warranty","4,798",187
"Infinix Hot 50i (6+6) 12GB RAM 128GB Smartphone, Sage Green- 1 Year Warranty","4,890",34
"Infinix Hot 50i (6+6) 12GB RAM 128GB Smartphone, Sleek Black- 1 Year Warranty","16,730",66
"Samsung Galaxy A36 5G, Android Smartphone, 256GB Storage, 8GB RAM, Black, 6x OS Upgrades, Large Display, Octa-Core Processor 1 Year Warranty/Local Version","5,499",201
Infinix Hot 50i 4G Smartphone 256GB Storage 8+8GB RAM - Sleek Black,"5,299",64
"Samsung Galaxy A06 LTE, Android Smartphone, Dual SIM Mobile Phone, 4GB RAM, 128GB Storage, Gold- 1 Year Warranty/Local Version","9,777","2,493"
"Xiaomi Redmi Note 14 Smartphone, 8 + 256 GB, Ocean Blue, 108 MP AI Camera System, 5500 mAh Battery, 120 Hz Eye Protection Display, AI Functions | 18 Month manufacturer warranty","16,525",265
"Samsung Galaxy A36 5G, Android Smartphone, 256GB Storage, 8GB RAM, Awesome Lavender, 6x OS Upgrades, Large Display, Octa-Core Processor 1 Year Warranty/Local Version","5,399",201
"Samsung Galaxy A06 LTE, Android Smartphone, Dual SIM Mobile Phone, 4GB RAM, 128GB Storage, Black- 1 Year Warranty/Local Version","4,999","2,493"
"Samsung Galaxy A06 Dual Sim 4GB RAM 64GB Storage Android Smartphone, 6.7-Inch Screen Size, Gold- 1 Year Warranty/Local Version","4,299","2,493"
"Xiaomi Redmi A5 Smartphone 4GB + 64GB, Battery 5200mAh Octa-Core Processor, 32MP Al Dual Camera, 6.88 Inch Display, Fingerprint and Face Unlock, Midnight Black","11,399",29
"Samsung Galaxy A26 5G, Android Smartphone, 128GB Storage, 6GB RAM, Black, 50MP Camera, Large Display, Long Battery Life 1 Year Warranty/Local Version","17,480",200
"Xiaomi Redmi Note 14 Pro Smartphone, 12 + 512GB, Black, 200MP Professional AI Camera, 5500mAh Battery, 32MP Selfie Camera, AI Functions | 1 year manufacturer warranty","22,883",265
"Samsung Galaxy A55 5G, Android Smartphone, Dual SIM Mobile Phone, 8GB RAM, 128GB Storage, Awesome Iceblue -1 Year Warranty/Local Version, Tax Paid","7,433","1,359"
"Motorola Moto g35 5G 8GB RAM 256GB UFS 2.2 Android 14 LCD Smartphone, Midnight Black (Pack include charger and cover) 2 Years Warranty","13,499",79
"Samsung Galaxy M55 5G, Android Smartphone, Dual SIM Mobile Phone, 8GB RAM, 128GB Storage, Light Green 1 Year Warranty/Local Version","25,348",49
"Samsung Galaxy A26 5G, Android Smartphone, 256GB Storage, 8GB RAM, White, 50MP Camera, Large Display, Long Battery Life 1 Year Warranty/Local Version","21,999",200
"Nothing Phone (3a) 5G Smartphone, 6.77"" 120Hz AMOLED Display, 50MP Triple Camera System, Snapdragon 7s Gen3 Processor, Bluetooth 5.4, IP64 Waterproof, 5000mAh,Dual Nano-SIM, Android 15, 8+128GB White","6,199",47
"Samsung Galaxy A56 5G, Android Smartphone, 256GB Storage, 8GB RAM, Awesome Olive, 6x OS Upgrades, Large Display, Long Battery Life 1 Year Warranty/Local Version","5,465",764
"Xiaomi Redmi 15C Smartphone from 6 + 128 GB, Black Midnight, Screen of 6.9 Inch 120 Hz, MediaTek Helio G81-Ultr, Camera from 50MP, Charger Included | 18 Month Local warranty","6,999",188
Infinix Hot 50i 4G Smartphone 256GB Storage 8+8GB RAM - Sage Green,"11,599",64
"Nokia g60 5g smartphone, 6.58' hd+ 120hz display, 50mp ai rear camera, 8mp front camera, 6gb ram,128gb storage - grey","5,576",71
"Samsung Galaxy A26 5G, Android Smartphone, 128GB Storage, 6GB RAM, White, 50MP Camera, Large Display, Long Battery Life 1 Year Warranty/Local Version","17,999",200
"Samsung Galaxy A06 Dual Sim 4GB RAM 128GB Storage Android Smartphone, 6.7-Inch Screen Size, Light Blue- 1 Year Warranty/Local Version","23,976","2,493"
"Motorola Edge 60 Fusion Moto AI Smartphone, 6.67"" Super HD Display, 50MP Camera, 12GB RAM, 256GB, Android 15 - Pantone Amazonite Blue, 2 Years Warranty","22,999",72
"Xiaomi Redmi Note 14 Pro+ 5G smartphone, 12 GB RAM 256 GB, 6.67-inch AMOLED display, 1.5K, 200 MP camera, 120 W fast charging, black| 18 Month manufacturer warranty","8,666",265
"Samsung Galaxy A56 5G, Android Smartphone, 256GB Storage, 12GB RAM, Awesome Olive, 6x OS Upgrades, Large Display, Long Battery Life 1 Year Warranty/Local Version","19,555",764
"Xiaomi Redmi Note 14 Smartphone, 8 + 128 GB, Ocean Blue, 108 MP AI Camera System, 5500 mAh Battery, 120 Hz Eye Protection Display, AI Functions | 18 Month manufacturer warranty","23,314",265
"Samsung Galaxy A56 5G, Android Smartphone, 128GB Storage, 8GB RAM, Awesome Graphite, 6x OS Upgrades, Large Display, Long Battery Life 1 Year Warranty/Local Version","6,299",764
"Samsung Galaxy A56 5G, Android Smartphone, 256GB Storage, 12GB RAM, Awesome Pink, 6x OS Upgrades, Large Display, Long Battery Life 1 Year Warranty/Local Version","13,999",101
"OPPO A5i Smartphone 128GB, 4GB RAM Starry Purple","4,299",1
"Xiaomi Redmi Note 14 Pro Smartphone, 8 + 256GB, Blue, 200MP Professional AI Camera, 5500mAh Battery, 32MP Selfie Camera, AI Functions | 1 year manufacturer warranty",180,265
"Xiaomi Redmi A5 Smartphone 4GB + 64GB, Battery 5200mAh Octa-Core Processor, 32MP Al Dual Camera, 6.88 Inch Display, Fingerprint and Face Unlock, Lake Green",100,29
"Grabist Magnetic Case for Iphone 15 Pro Max, Compatible with MagSafe, Built-in Camera metal frame, Translucent Matte Military-Grade Drop Protection Magnetic Case cover (Natural Titanium)",180,3
"GRABIST Crystal Clear Case for Iphone 15 Pro Max Full Protection Compatible with Wireless Charging, Shockproof Soft TPU Phone Cover Compatible with iphone 15 pro max (Iphone 15 Pro max)",165,101
"V VOLT Clear TPU Acrylic Frame Phone Case - Full Body Protection Shockproof and Scratch, Compatible with iPhone 15 Stylish and Lightweight Design, Shockproof Cover (Black)","6,999",49
Eco Case for iPhone 15 Pro max Case Magnetic Transparent Clear Phone Cases [Compatible with MagSafe] Thin Slim Fit Shockproof Bumper silicon Protective Cover for Women Men Girls (Gray),"23,999",201
"Xiaomi Redmi 15C Smartphone from 8+256 GB, Black Midnight, Screen of 6.9 Inch 120 Hz, MediaTek Helio G81-Ultr, Camera from 50MP, Charger Included|18 Month Local warranty + Xiaomi Mi In-Ear Earphones","15,199",182
"Samsung Galaxy A56 5G, Android Smartphone, 256GB Storage, 12GB RAM, Awesome Lightgray, 6x OS Upgrades, Large Display, Long Battery Life 1 Year Warranty/Local Version","3,499",265
"Samsung Galaxy M55 5G, Android Smartphone, Dual SIM Mobile Phone, 8GB RAM, 256GB Storage, Denim Black 1 Year Warranty/Local Version","16,999","1,359"
"Samsung Galaxy A36 5G, Android Smartphone, 128GB Storage, 8GB RAM, Awesome Lime, 6x OS Upgrades, Large Display, Octa-Core Processor 1 Year Warranty/Local Version","7,832","2,149"
"itel A50|6.6"" HD+ Display with Dynamic Bar| 3GB RAM +64GB ROM, Upto 8GB RAM with Memory Fusion|Octacore Processor|8MP AI Dual Rear Cam|5000 mAh Battery | Shimmer Gold","4,437",49
"Xiaomi Redmi Note 14 Pro Smartphone, 12 + 512GB, Purple, 200MP Professional AI Camera, 5500mAh Battery, 32MP Selfie Camera, AI Functions | 1 year manufacturer warranty","17,999",72
"Samsung Galaxy A55 5G, Android Smartphone, Dual SIM Mobile Phone, 8GB RAM, 256GB Storage, Awesome Navy - 1 Year Warranty/Local Version, Tax Paid","9,450",265
"Samsung Galaxy A16 LTE, Android Smartphone, Dual SIM Mobile Phone, 4GB RAM, 128GB Storage, Light Green (1 Year Local Warranty)","7,316",79
"Itel A90, 4G Smartphone, 256GB Storage, 4GB RAM (Space Titanium, 256, GB, 4, GB)","65,550",394
"Samsung Galaxy M55 5G, Android Smartphone, Dual SIM Mobile Phone, 8GB RAM, 128GB Storage, Black 1 Year Warranty/Local Version","19,980",1
"Motorola Edge 60 Fusion Smartphone (6.67"" Super HD Display, 50MP Camera with Moto AI 12/256GB, 5200mAh, Android 15) Pantone Slipstream (Grey)","9,777",265
"Xiaomi Redmi Note 14 Smartphone, 8 + 128 GB, Lime Green, 108 MP AI Camera System, 5500 mAh Battery, 120 Hz Eye Protection Display, AI Functions | 18 Month manufacturer warranty","25,550",360
"Motorola Moto g35 5G 8GB RAM 256GB UFS 2.2 Android 14 LCD Smartphone, Guava Red (Pack include charger and cover) 2 Years Warranty","84,950",13
"Samsung Galaxy S25 Ultra AI Phone, 512GB Storage, 12GB RAM, Titanium Black, Android Smartphone, 200MP Camera, S Pen, Long Battery Life 1 Year Warranty/Local Version","76,950",25
"Xiaomi Redmi Note 14 Pro+ 5G smartphone, 12 GB RAM 256 GB, 6.67-inch 1.5K AMOLED display, 200 MP camera, NFC, 120 W fast charging, Lavender Violet| 18 Month manufacturer warranty",90,3
"Xiaomi Redmi Note 14 Smartphone, 8 + 256 GB, Lime Green, 108 MP AI Camera System, 5500 mAh Battery, 120 Hz Eye Protection Display, AI Functions | 18 Month manufacturer warranty","19,999",47
"Google Pixel 7 Single SIM, 5G, 8GB Ram, 256GB, Obsidian, US Version, Bluetooth, Wi-Fi","4,299",29
"SAMSUNG Galaxy Z Fold6, AI Phone, 12GB RAM, 512GB Storage, Silver Shadow, Android Smartphone, 50MP Camera, Big Screen, Multi-tasking, S Pen, Long Battery Life, UAE Version","13,999",265
"SAMSUNG Galaxy Z Fold6, 12GB RAM, 256GB Storage, Navy, Big Screen, 1 year Seller Warranty (International Version)","59,999",58
"Mobile Magic Phone Chain, Removable, Phone Case Chain Lanyard, Mobile Phone Strap for Hanging, Phone Chain Adjustable with Cord & Pad, Lanyard for All Smartphones.","9,775","2,149"
"Nothing Phone (3a) 5G Smartphone, 6.77"" 120Hz AMOLED Display, 50MP Triple Camera System, Snapdragon 7s Gen3 Processor, Bluetooth 5.4, IP64 Waterproof, 5000mAh,Dual Nano-SIM, Android 15, 8+128GB Black","4,690",196
"Xiaomi Redmi A5 Smartphone 4GB + 64GB, Battery 5200mAh Octa-Core Processor, 32MP Al Dual Camera, 6.88 Inch Display, Fingerprint and Face Unlock, Sandy Gold","3,675",49
"Xiaomi Redmi Note 14 Pro Smartphone, 8 + 256GB, Purple, 200MP Professional AI Camera, 5500mAh Battery, 32MP Selfie Camera, AI Functions | 1 year manufacturer warranty","21,999","2,493"
"REDMAGIC 10 Pro 144Hz Gaming Phone, 5G Android Smartphone, 16GB RAM+512GB ROM, Snapdragon 8 Elite, 6.85"" 1.5K AMOLED Full Screen, FHD+, 50MP Camera, Dual-Sim, Unlocked Mobile Phone Silver","12,799",265
"Samsung Galaxy A16 LTE, Android Smartphone, Dual SIM Mobile Phone, 6GB RAM, 128GB Storage, Gray, 1 Year Warranty/Local Version","47,550",20
realme C67 Dual-SIM 256GB ROM + 8GB RAM (Only GSM | No CDMA) Factory Unlocked 4G/LTE Smartphone (Sunny Oasis) - International Version,"5,856","3,050"
realme Note 50 DUAL SIM 64GB ROM + 3GB RAM (GSM ONLY | NO CDMA) Factory Unlocked 4G/LTE Smartphone (Sky Blue) - International Version,"16,702",92
"AllCall Magic 15 MAX 128GB + 4GB RAM Smartphone, Cyan Green","16,199",2
"Samsung Galaxy A06 Dual Sim 6GB RAM 128GB Storage Android Smartphone, 6.7-Inch Screen Size, Gold- 1 Year Warranty/Local Version","57,750",101
"Xiaomi Redmi Note 14 Pro+ 5G Smartphone, 12 + 256GB, Blue, 200MP Professional AI Camera, IP68, 120W HyperCharge, AI Features","5,699","2,149"
"Motorola Moto g85 5G 12GB RAM 256GB UFS Android 14 pOLED Smartphone, Olive Green, 2 years Warranty (Pack include charger and cover)","6,999",201
"Samsung Galaxy S24 Ultra, AI Phone, 256GB Storage, Titanium Black, 12GB RAM, Android Smartphone, 200MP Camera, S Pen, Long Battery Life","23,970","1,359"
"Google Pixel 9 - Unlocked Android Smartphone with Gemini, 24-Hour Battery, Advanced Camera, and 6.3"" Actua Display - Obsidian - 256 GB","16,999",29
"Itel P55 8GB RAM 128GB Storage Smartphone, 6.6 Inch Size, Starry Purple - 1 Year Warranty/Local Version","15,599",64
"Samsung Galaxy A56 5G, Android Smartphone, 256GB Storage, 8GB RAM, Awesome Graphite, 6x OS Upgrades, Large Display, Long Battery Life 1 Year Warranty/Local Version","6,199",188
"Samsung Galaxy A16 LTE, Android Smartphone, Dual SIM Mobile Phone, 4GB RAM, 128GB Storage, Black (1 Year Local Warranty)","19,590",265
"Samsung Galaxy A36 5G, Android Smartphone, 256GB Storage, 8GB RAM, Awesome White, 6x OS Upgrades, Large Display, Octa-Core Processor 1 Year Warranty/Local Version","12,499",265
"Samsung Galaxy A55 5G, Android Smartphone, Dual SIM Mobile Phone, 8GB RAM, 128GB Storage, Awesome Lemon -1 Year Warranty/Local Version, Tax Paid","13,499",201
"Samsung Galaxy S25 Ultra AI Phone, 256GB Storage, 12GB RAM, Titanium Whitesilver, Android Smartphone, 200MP Camera, S Pen, Long Battery Life 1 Year Warranty/Local Version","5,699",188
"Itel P55 8GB RAM 128GB Storage Smartphone, 6.6 Inch Size, Aurora Blue - 1 Year Warranty/Local Version","8,888",764
"Xiaomi Redmi 15C Smartphone from 8 + 256 GB, Blue, Screen of 6.9 Inch 120 Hz, MediaTek Helio G81-Ultr, Camera from 50MP, Charger Included | 18 Month Local warranty","31,699",764
"Xiaomi Redmi Note 14 Pro+ 5G Smartphone, 12 + 512 GB, 200 MP Professional AI Camera, IP68, 120 W HyperCharge, AI Functions, Blue | 18 Month manufacturer warranty",160,200
"Xiaomi Redmi Note 14 Pro Smartphone, 12 + 512GB, Blue, 200MP Professional AI Camera, 5500mAh Battery, 32MP Selfie Camera, AI Functions | 1 year manufacturer warranty",100,200
"Samsung Galaxy A36 5G, Android Smartphone, 128GB Storage, 8GB RAM, Awesome Lavender, 6x OS Upgrades, Large Display, Octa-Core Processor 1 Year Warranty/Local Version",90,47
"Xiaomi Redmi 15C Smartphone from 6 + 128 GB, Blue, Screen of 6.9 Inch 120 Hz, MediaTek Helio G81-Ultr, Camera from 50MP, Charger Included | 18 Month Local warranty",250,"1,975"
"Samsung Galaxy A56 5G, Android Smartphone, 128GB Storage, 8GB RAM, Awesome Olive, 6x OS Upgrades, Large Display, Long Battery Life 1 Year Warranty/Local Version","13,260",14
"Samsung Galaxy A56 5G, Android Smartphone, 128GB Storage, 8GB RAM, Awesome Lightgray, 6x OS Upgrades, Large Display, Long Battery Life 1 Year Warranty/Local Version","84,950",3
"Samsung Galaxy A26 5G, Android Smartphone, 128GB Storage, 6GB RAM, Peach Pink, 50MP Camera, Large Display, Long Battery Life 1 Year Warranty/Local Version","31,699",2
"Samsung Galaxy A26 5G, Android Smartphone, 256GB Storage, 8GB RAM, Peach Pink, 50MP Camera, Large Display, Long Battery Life 1 Year Warranty/Local Version","33,350",3
"Itel P55 8GB RAM 128GB Storage Smartphone, 6.6 Inch Size, Moonlit Black - 1 Year Warranty/Local Version","56,750",20
"Xiaomi Redmi Note 12 Dual SIM Smartphone with 4GB RAM, 128GB ROM, 6.67-Inch Display, 4G LTE Connectivity, High-Resolution Camera, Efficient Performance, Onyx Gray Enhanced Mobile Experience","17,999",13
"Nothing Phone (3a) 5G Smartphone, 6.77"" 120Hz AMOLED Display, 50MP Triple Camera System, Snapdragon 7s Gen3 Processor, Bluetooth 5.4, IP64 Waterproof, 5000mAh,Dual Nano-SIM, Android 15, 12+256GB White",100,14
"Grabist Magnetic Case for Iphone 15 Pro Max, Compatible with MagSafe, Built-in Camera metal frame, Translucent Matte Military-Grade Drop Protection Magnetic Case cover (blue Titanium)",139,"2,767"
"Mobile Magic Phone Chain, Removable, Phone Case Chain Lanyard, Mobile Phone Strap for Hanging, Mobile Phone Chain Adjustable with Cord & Pad, Lanyard for All Smartphones. (Black)",100,66
"Mobile Magic Phone Chain, Removable, Phone Case Chain Lanyard, Mobile Phone Strap for Hanging, Phone Chain Adjustable with Cord & Pad, Lanyard for All Smartphones.",114,201
Alrayaa Back Case Crystal Clear Glitter Compatible with Magsafe For Apple iPhone 15 Pro Max - Black,76,18
"Motorola Moto g85 5G 12GB RAM 256GB UFS Android 14 pOLED Smartphone, Cobalt Blue, 2 years Warranty (Pack include charger and cover)",250,72
"SAMSUNG Galaxy Z Fold6, AI Phone, 12GB RAM, 512GB Storage, Silver Shadow, Android Smartphone, 50MP Camera, Big Screen, Multi-tasking, S Pen, Long Battery Life, UAE Version",164,2
"Nothing Phone (3a) 5G Smartphone, 6.77"" 120Hz AMOLED Display, 50MP Triple Camera System, Snapdragon 7s Gen3 Processor, Bluetooth 5.4, IP64 Waterproof, 5000mAh,Dual Nano-SIM, Android 15, 12+256GB White","25,550",99
"Samsung Galaxy A05s, Android Smartphone, Dual SIM Mobile Phone, LTE, 6GB RAM, 128GB Storage, Silver, 1 Year Warranty/Local Version","84,950",68
"HUAWEI nova 13 Pro Smartphone With 12GB RAM And 512GB Storage Capacity, OLED display with high refresh rate - Green","76,950",3
"REDMAGIC 10 Pro 144Hz Gaming Phone, 5G Android Smartphone, 16GB RAM+512GB ROM, Snapdragon 8 Elite, 6.85"" 1.5K AMOLED Full Screen, FHD+, 50MP Camera, Dual-Sim, Unlocked Mobile Phone Transparent",499,11
"Samsung Galaxy A36 5G, Android Smartphone, 128GB Storage, 8GB RAM, Awesome Black, 6x OS Upgrades, Large Display, Octa-Core Processor 1 Year Warranty/Local Version",437,360
"Samsung Galaxy Z Fold5 Folding Phone, Android Smartphone, 12GB RAM, 512GB Storage, Extended Battery Life, High Resolution Camera, Phantom Black (UAE Version)",100,13
"Motorola Edge 60 Fusion Smartphone 6.67"" Super HD Display, 50MP Camera with Moto AI 12/256GB, Android 15 Pantone Amazonite (Blue)",444,25
"Mobile Magic Phone Chain, Removable, Phone Case Chain Lanyard, Mobile Phone Strap for Hanging, Mobile Phone Chain Adjustable with Cord & Pad, Lanyard for All Smartphones. (Black)",65,1
"FASHION MANIA Phone Lanyard, Neck Strap and Wrist Tether Key Chain Holder Universal for Phone Case Anchor Fit All Smartphones (B)",316,4
"MIRUN - Wilderness Action / King Glory Game Mobile Handle, Smartphone for Android and iOS - Black Silver",814,10
"Generic Car Phone Holder - Fits All Smartphones, Thick Cases & Other Devices - Adjustable Vent Mount","13,499",27
Smartphone Gaming Controller,100,312
"Dl3 Mobilak Universal Phone Lanyard Crossbody, Rhinestone Cell Phone Chain Anti-Theft with 1× Shiny Phone Strap, 1× Pad for Most Smartphones, Diamond Phone Neck Holder for Women",100,480
"ELMO3EZZ Waterproof Smartphone Case, Waterproof Smartphone Case IPX8 Bag, Underwater Cell Phone Cover for iPhone 13 12 11 PRO Max Mini, Samsung S22/S21/S20, Huawei Xiaomi Up to 7.0""(Black)","5,272",30
"Google Pixel 7 Single SIM, 5G, 8GB Ram, 256GB, Obsidian, US Version, Bluetooth, Wi-Fi",499,"1,192"
"SAMSUNG Galaxy Z Fold6, AI Phone, 12GB RAM, 512GB Storage, Silver Shadow, Android Smartphone, 50MP Camera, Big Screen, Multi-tasking, S Pen, Long Battery Life, UAE Version","1,550",3
"SAMSUNG Galaxy Z Fold6, 12GB RAM, 256GB Storage, Navy, Big Screen, 1 year Seller Warranty (International Version)","6,600",2
"GOLDEN MASK Compatible With iPhone 15 Pro Max Case with Camera Protection, with Mag-safe Case Magnetic with Stand (Blue)",443,3
"Pass Case - Stylish Smartphone Pouch for Women, Combining Fashion and Functionality with Multiple Compartments for Cards and Essentials, Available in a Range of Colors",249,9
AK-16 PUBG Smart Phone Gaming Controller,"2,200",4
MEMO Smartphone Gaming Controller AK-66,"1,400",364
"Smartphone Bag - Chic and Versatile Pochette for Women, Ideal for Daily Use with Ample Space for Cards and Essentials, Available in Various Colors",129,3
W10 PUBG & Free Fire Smartphone Controller,97,"1,377"
"Selfie Stick with LED Fill Light,3C Phone Tripod Stand with Bluetooth Wireless Remote & 360°Rotation Long Selfie Stick Compatible with iPhone/OnePlus/Samsung/Realme & All Smartphones/Go Pro(Black)",439,31
"instax mini EVO Hybrid camera and smartphone printer, BROWN",149,"3,599"
ONIKUMA PS4 Gaming Headset Xbox One Headphones with RGB LED Light Noise Canceling Mic for Nintendo Switch Xbox One S PC Smartphones Laptop Computer (K8 Camouflage),"1,149",303
"Fossil Gen 6 44mm Touchscreen Smartwatch with Alexa Built-In, Heart Rate, Blood Oxygen, Activity Tracking, GPS, Speaker, Smartphone Notifications, Black, Modern","9,175",12
L1 R1 PUBG Mobile Trigger Controller L1R1 Shoot Fire Button Smartphone Game Joystick Gamepad,950,110
"Other Mobile Game Controller PUBG Shoot Aim for 4.7-6.5 inch Smartphone (Android/IOS) - Gamepad, IR, Black","1,774",64
Lacoste LCST Smartphone Holder with Pocket,"4,999",8
"LENOK 360° adjustable Vacuum Magnetic Suction Cup Phone Mount, Adjustable Hands-Free Suction Cup Phone Holder for Car/Gym/Mirror/Smooth Surface, Compatible with iPhone Android and All Smartphones.",777,216
"Smartphone Video Rig LED Ring Light, Rechargeable Handheld Phone Video Stabilizer, 8000mAh Built-in Battery for Recording & Streaming, Camera, YouTube, Tiktok, Makeup",225,360
Fujifilm Instax Mini Link 3 Smartphone Printer - Clay White,"25,550",13
"Smartphone Pouch - Stylish and Functional Cross-angled Holder for Women, Perfect for Commuting with Multiple Colors and Card Slots for Convenience","84,950",25
"sonsen Colorful Gamepad AK-16 Pubg Remote Controller Gamepad Alloy Metal Triggers L1 R1 Shooting Aim Button Handle Joystick Compatible with All Smartphones Upto 6.5"" inch","76,950",3
"GUB Universal Bike Bicycle Mount for Mobile Phone, Smartphone, Sat Nav etc.",180,2
"TELESIN° Smartphone Stand, Sleeping Tablet Stand, Smartphone Arm Stand, Bed, Portable, Fixed Stand, Smartphone Holder, Lazy Stand, 360° Rotation, Tabletop, Flexible Arm, Smartphone, Stand, Birds-eye",100,3
Memo DL88 Mobile Game Shield with Instant Cooling Compatible with Smartphones -5V 1-2A Consumption - Black,100,12
"Other Mobile Game Controller PUBG Shoot Aim for 4.7-6.5 inch Smartphone (Android/IOS) - Gamepad, IR, Black","1,774","1,377"
"Silicone Double-Sided Suction Phone Case Detachable Mount – Hands-Free Grip Stand for Selfies, Video Calls, Streaming & More – Durable, Reusable & Compatible with Most Smartphones (Fuchsia)",249,31
"Commuter Holder - Elegant Smartphone Bag for Women, Featuring a Cross-angled Design with Card Case Functionality, Perfect for On-the-Go Lifestyle in Various Colors",443,8
PUBG Mobile Game Fire Button Aim Key Smart phone Gaming Trigger Shooter Controller Gamepad,"2,200",30
Compatible With VR SHINECON Headset Virtual Reality Headset Glasses - for 3D VR Movies Video Games Compatible for Any Mobile Smartphone,777,11
Casio AW 500Bb 1E G Shock Analog Digital Watch,814,2
"Verilux® Phone Cooler for Gaming, Universal Moblie Cooler with Two Cooling Modes, Mobile Phone Radiator Case for iPhone Android Smartphones from 4.5 to 7in, Cell Phone Cooler for Live Streaming Use",300,56
"Shenbo Kids Smartphone Watch | Anti-lost Smartwatches with HD Touch Screen, Phone Call Text Messaging LBS Tracker Watch for Boy Girl Birthday Gifts, Kids Phone","12,399",64
"Zhiyun Smooth Q4 Gimbal Stabilizer for iPhone Smartphone,3-Axis Foldable Phone Gimbal Built-in Selfie Stick for Vlogging YouTube TikTok",97,1
"Kotion Each Gaming Headset - With Mic, Volume Control and Cool LED Lights - Compatible with PC, Laptop, Smartphone, PS4 and Xbox One Controller, G2000 (Red)",149,107
"Selfie Stick Tripod 170CM with Wireless Remote, Cellphone Selfie Stick Tripod with LED Fill Light, for iPhone 15/14/14 pro/13/13 Pro/12/11/11 Pro/XS Max/XS/XR/X/8/7 and Android Smartphone (P9 LED)","1,241",48
Ulanzi MT-34 Mini Mobile Phone Tripod with 360° Ball Joint Tripod for Smartphone Camera iPhone Samsung DSLR Canon Sony,129,64
"Google Pixel 7 Single SIM, 5G, 8GB Ram, 256GB, Obsidian, US Version, Bluetooth, Wi-Fi",499,303
"SAMSUNG Galaxy Z Fold6, AI Phone, 12GB RAM, 512GB Storage, Silver Shadow, Android Smartphone, 50MP Camera, Big Screen, Multi-tasking, S Pen, Long Battery Life, UAE Version","1,400",11
"SAMSUNG Galaxy Z Fold6, 12GB RAM, 256GB Storage, Navy, Big Screen, 1 year Seller Warranty (International Version)","38,000",2
"V VOLT Clear TPU Acrylic Frame Phone Case - Full Body Protection Shockproof and Scratch, Compatible with iPhone 15 Stylish and Lightweight Design, Shockproof Cover (Black)","3,000",1
L1 R1 PUBG Mobile Trigger Controller L1R1 Shoot Fire Button Smartphone Game Joystick Gamepad,73,344
"Other Mobile Game Controller PUBG Shoot Aim for 4.7-6.5 inch Smartphone (Android/IOS) - Gamepad, IR, Black",439,21
"sonsen Colorful Gamepad AK-16 Pubg Remote Controller Gamepad Alloy Metal Triggers L1 R1 Shooting Aim Button Handle Joystick Compatible with All Smartphones Upto 6.5"" inch",950,11
"Shenbo Kids Smartphone Watch | Anti-lost Smartwatches with HD Touch Screen, Phone Call Text Messaging LBS Tracker Watch for Boy Girl Birthday Gifts, Kids Phone",300,188
"GUB Universal Bike Bicycle Mount for Mobile Phone, Smartphone, Sat Nav etc.",399,216
"Smartphone Pouch - Stylish and Functional Cross-angled Holder for Women, Perfect for Commuting with Multiple Colors and Card Slots for Convenience",550,1
"TELESIN° Smartphone Stand, Sleeping Tablet Stand, Smartphone Arm Stand, Bed, Portable, Fixed Stand, Smartphone Holder, Lazy Stand, 360° Rotation, Tabletop, Flexible Arm, Smartphone, Stand, Birds-eye","1,019",239
"Selfie Stick Tripod 170CM with Wireless Remote, Cellphone Selfie Stick Tripod with LED Fill Light, for iPhone 15/14/14 pro/13/13 Pro/12/11/11 Pro/XS Max/XS/XR/X/8/7 and Android Smartphone (P9 LED)",249,3
ONIKUMA PS4 Gaming Headset Xbox One Headphones with RGB LED Light Noise Canceling Mic for Nintendo Switch Xbox One S PC Smartphones Laptop Computer (K8 Camouflage),89,37
"Dl3 Mobilak Universal Phone Lanyard Crossbody, Rhinestone Cell Phone Chain Anti-Theft with 1× Shiny Phone Strap, 1× Pad for Most Smartphones, Diamond Phone Neck Holder for Women",990,50
"Zhiyun Crane M2S Gimbal Stabilizer for Mirrorless Camera, Action Camera, Smartphone - Professional 3-Axis Handheld Video Stabilizer for Gopro Sony Canon Nikon Fujifilm Panasonic",225,71
"Silicone Double-Sided Suction Phone Case Detachable Mount – Hands-Free Grip Stand for Selfies, Video Calls, Streaming & More – Durable, Reusable & Compatible with Most Smartphones (Fuchsia)",199,2
PUBG Mobile Game Fire Button Aim Key Smart phone Gaming Trigger Shooter Controller Gamepad,"1,149",8
"Ulanzi TB64 Tripod, Smartphone Camera Tripod, 2024 New, Extra Long 66.9 inches (170 cm), Improved Stability, Selfie Stick, For Both Tripods/Monopods, 4 Levels of Extendable, Includes Remote Control,",550,72
"Other Mobile Game Controller PUBG Shoot Aim for 4.7-6.5 inch Smartphone (Android/IOS) - Gamepad, IR, Black",250,2
"Kotion Each Gaming Headset - With Mic, Volume Control and Cool LED Lights - Compatible with PC, Laptop, Smartphone, PS4 and Xbox One Controller, G2000 (Red)","1,086",360
"GOLDEN MASK Compatible With iPhone 15 Pro Max Case with Camera Protection, with Mag-safe Case Magnetic with Stand (Blue)",92,13
Memo DL88 Mobile Game Shield with Instant Cooling Compatible with Smartphones -5V 1-2A Consumption - Black,297,25
"Nuki Smart Lock Pro (4th generation), smart lock with Wi-Fi and Matter for remote access, the electronic lock turns your smartphone into a key, with power pack, black",300,2
"BOYALINK Wireless Lavalier Microphones for Android iPhone 15 Type C Smartphone Cameras DSLR, Noise Cancellation, 10h Battery, Clip on Lapel Mic for Live Streaming Video Conference Recording",975,8
"Phinistec Foldable Cell Phone Stand for Desk, Adjustable Phone Holder Compatible with iPhone 12, 11 Pro Max, Smartphone/iPad/Kindle/Tablet PC",77,2
"Commuter Holder - Elegant Smartphone Bag for Women, Featuring a Cross-angled Design with Card Case Functionality, Perfect for On-the-Go Lifestyle in Various Colors",180,2
"Verilux® Phone Cooler for Gaming, Universal Moblie Cooler with Two Cooling Modes, Mobile Phone Radiator Case for iPhone Android Smartphones from 4.5 to 7in, Cell Phone Cooler for Live Streaming Use","1,750",2
"Dl3 Mobilak Universal Phone Lanyard Crossbody, Rhinestone Cell Phone Chain Anti-Theft with 1× Shiny Phone Strap, 1× Pad for Most Smartphones, Diamond Phone Neck Holder for Women",740,6
"Lip Gloss Adhesive Sleeve for Cell Phone, Silky Silicone Lip Holder Stick-on Phone Case, Compatible for iPhone Samsung Galaxy Android Smartphones (grey)",77,2
"Mobile Game Analog Joystick Phone Game Rocker Handle Touch Screen Gamepad Joypad Tablet Funny Game Controller for Smartphone, Pad, Tablet","15,448",1
Boya FocusFoto Smartphone Video Rig Camera Cage Mount Holder Stabilizer Handle Grip with by-MM1 Shotgun Microphone Mic And 49 LED Light Kit for Mobile Phone iPhone Filmmaking Professional Videomaker,649,50
MOSOTECH Mobile Phone Holder Car 360° Rotation Dashboard / Windscreen Car Mobile Phone Holder Universal Car Mobile Phone Holder with Strong Suction Cup for All Smartphones 3.8 - 6.8 Inches,"1,495",1
Generic Aluminum Car Mount Magnet for Smartphones,20,3
"71""/1.8m Selfie Stick Quad Tripod with Detachable Remote,Ufanore Extendable Smartphone Tripod Stand with 360° Balance Handle,Anti-Shake Selfie Monopod Compatible with GoPro/iPhone 14 Pro Max/Insta 360","25,550",1
Ulanzi MT-34 Mini Mobile Phone Tripod with 360° Ball Joint Tripod for Smartphone Camera iPhone Samsung DSLR Canon Sony,"84,950",70
"GQ Smartphone Holder Phone Tripod Mount Compatible with iPhone 16 Sam-sung Galaxy S24 S25 Ultra, Cell Phone Clip Vertical Bracket Adapter for Tripod with 1/4"" Screw For IPhone, Android Cell Phone","76,950",10
Compatible With VR SHINECON Headset Virtual Reality Headset Glasses - for 3D VR Movies Video Games Compatible for Any Mobile Smartphone,100,2
"Generic Magnetic Neck Mount for Phones, Universal Smartphone Holder, POV/Vlog Selfie Mount, Hand Free Phone Neck Holder, Chest Stand Strap, Video Recording","1,750",2
TEQNEQ S-6 Pubg Mobile Trigger Gaming Gamepad Sensitive Triggers L1 R1 Shooting Aim Button Joystick Gamepad Controller for All Smartphone WITH SLEVES,649,6
"Godox geniusmic uc ultracompact smartphone microphone with usb type-c connector, Wired","1,495",3
Earldom Magnetic Car Phone Holder for Smartphones,77,3
"Mobile phone lanyard, universal Cell Phone Lanyard, with adjustable nylon neck strap, mobile phone tether belt for most smartphones, (Not including phone case)",180,7
"Selfie Ring Light Rechargeable Portable Clip-on Selfie Phone Light with Monitor - 40 LED for Smart Phone Photography, Camera Video, Girl Makes up, CRI>95",622,1
MUSEDAY Bike Phone Holder Motorcycle Handlebar Mount Mobile Phone Holder Bike for Smartphone,239,141
Multifunctional Flexible Silicone Suction Mount for Phones – Heart Pattern Grip Stand Fits All Smartphones And Flat Surfaces - Purple,77,38
Memo Smart Phone Gaming Controller,450,2
NeePho|NP8860 Adjustable Tripod Stand with Bluetooth Remote|Universal Smartphone Holder|Lightweight Aluminum Camera Tripod|Travel Bag Included|Up to 1.92m Height|For iPhone & Android,20,68
"XD-03 Virtual Reality Glasses - Immersive Cinema Experience, Smartphone Support, Compatible with Model XD-03",980,3
"Generic Magnetic Air Vent Car Phone Holder, Universal Mobile Phone Holder, Smartphone, 360° Adjustable -Black",150,16
"SteelSeries 61557 Wireless Gaming Headset, Arctis Nova 7 Dragon Edition, Limited Edition - Lightweight - Voice Chatting, Gaming & Smartphone Simultaneously, Wireless, Enclosed Type, Supports Switch,",350,7
"Gaming Phone Cooler (DLA8) Universal Mobile Phone Cooling Fan with 2 Cooling Modes Mobile Phone Case for 4.5 to 7 Inch Smartphone Live Streaming 9 Pin, Smartphone, USB, Black",87,4
"HONLEN Case for Smartphone, Compatible with iPhone17 Protective Case, (6.3 Inch) Liquid TPU Silicone Mobile Phone Case with Drop Protection, Silicone Cover, Light Cyan",475,1
Sucker Stand Phone Holder 360 degree Rotatable Magic Suction Cup Mobile Phone Holder Car Bracket Smartphone Tablets Holder - blue,239,2
"Google Pixel 7 Single SIM, 5G, 8GB Ram, 256GB, Obsidian, US Version, Bluetooth, Wi-Fi",899,2
"SAMSUNG Galaxy Z Fold6, AI Phone, 12GB RAM, 512GB Storage, Silver Shadow, Android Smartphone, 50MP Camera, Big Screen, Multi-tasking, S Pen, Long Battery Life, UAE Version","1,200",2
"SAMSUNG Galaxy Z Fold6, 12GB RAM, 256GB Storage, Navy, Big Screen, 1 year Seller Warranty (International Version)",250,360
"Mobile Magic Phone Chain, Removable, Phone Case Chain Lanyard, Mobile Phone Strap for Hanging, Mobile Phone Chain Adjustable with Cord & Pad, Lanyard for All Smartphones. (Black)",982,13
NeePho|NP8860 Adjustable Tripod Stand with Bluetooth Remote|Universal Smartphone Holder|Lightweight Aluminum Camera Tripod|Travel Bag Included|Up to 1.92m Height|For iPhone & Android,124,25
"Gaming Phone Cooler (DLA8) Universal Mobile Phone Cooling Fan with 2 Cooling Modes Mobile Phone Case for 4.5 to 7 Inch Smartphone Live Streaming 9 Pin, Smartphone, USB, Black",94,2
"HONLEN Case for Smartphone, Compatible with iPhone17 Protective Case, (6.3 Inch) Liquid TPU Silicone Mobile Phone Case with Drop Protection, Silicone Cover, Light Cyan",320,307
"Generic Magnetic Air Vent Car Phone Holder, Universal Mobile Phone Holder, Smartphone, 360° Adjustable -Black","2,304",2
Memo Smart Phone Gaming Controller,120,24
"Magnetic Camera Grip, Bluetooth Mount, Smartphone Grip, Photo Holder, Bluetooth, Wireless Remote Control for All Phones, Video Recording, Vlog (Black)","1,500",1
"Havit UC25W PD Type-C Wall Charger Fast Charger 25W - Black With High Speed Charger For Samsung 25watt. Compatible with Samsung smartphones, iPhones, tablets, and other USB-C PD-enabled devices.",80,3
"Generic Magnetic Air Vent Car Phone Holder, Universal Mobile Phone Holder, Smartphone, 360° Adjustable -Silver",325,1
"fashion mania Spider phone ring stand, Animal phone Ring Finger Grip Rhinodrill phone stand for all smartphones (purple) (green)",399,1
Sucker Stand Phone Holder 360 degree Rotatable Magic Suction Cup Mobile Phone Holder Car Bracket Smartphone Tablets Holder - blue,537,2
"Sweet seven Women's Small Crossbody Wallet Phone Bag - Mini Purse for Travel, Nylon Shoulder Bag, Smartphone Holder Sports Armband - Black",100,10
Grinigh Smart Phone Gaming Controller For Multi,251,50
"Mobile phone lanyard, universal Cell Phone Lanyard, with adjustable nylon neck strap, mobile phone tether belt for most smartphones, (Not including phone case)",89,"2,608"
"Generic Mini Sponge Tripod for All Smartphone Portable Phone stand holder Flexible Tripod for Cellphone, Gopro, Point-and Shoot Camera - Black",70,2
"V Volt C212 Magnetic Phone Holder, Strong Clamp for Car Floating Screen, 360° Rotation, Adjustable, Compatible with All Smartphones, Flexible Design","19,500",11
"360-Degree Adjustable Car Rearview Mirror Phone Mount, Universal Smartphone Holder with Extendable Arm",77,12
"Cell Phone Belt Clip Bag Leather, Cell Phone Waist Holster for Men Small, Waterproof Vertical Cell Phone Wallet Purse Pack Outdoor Hiking Belt Loop Pouch with Locking Hook for Smartphones Under 17.8cm",150,874
"FOX-EG MEMO DL88 Mobile Game Shield with Instant Cooling Precise Physics Buttons, and Professional Shooting Game Controller Compatible with Smartphones -5V 1-2A Consumption - Black",649,11
"Drucilla Universal Phone Lanyard, Adjustable Neck Wrist Strap, Removable Chain Cell Phone Strap, Strap Necklace Compatible Smartphone Cases","1,350",41
Smartphone Holder - Compact and Adjustable Aluminum Stand for Workstations and Home Desks (2 piece of the color shown),100,64
SOLUSTRE 1pc Ball Clamp Black Tripods Clipper Head Hot Selfie Mount Holder Universal Tripod for Adapter Stand Clip Shoe Phone Stick Degree Bracket Smartphone Vertical Mobile Cell Video,"1,050",11
"Generic Magnetic Air Vent Car Phone Holder, Universal Mobile Phone Holder, Smartphone, 360° Adjustable -Blue",100,8
Cabbrix YESIDO BC82-BK10 360° Magnet Cell Phone Car Stand Mount Holder for iPhone 11 Pro Max/XR/XS/X/8 Samsung S20/S10/S9/S8 and All Smartphones - Magnetic Phone Car Mount,132,"8,802"
"WeFly Q08 Gimbal Stabilizer for Smartphone with Extendable Bluetooth Selfie Stick and Tripod, Multifunction Remote 360 Degree Automatic Rotation, for iPhone/Android",200,2
"Knight Joystick Phone Game Aim Key Smartphone Mobile Games L1R1 Shooter,Electroplated Metal Technology PUBG Controller Trigger Fire Button for Smartphones Gamepad,Red",100,11
"HINTING Phone Cooler for Gaming, Universal 4.5-7in Smartphone Cooler with Three Modes, Digital Display",759,7
"Kontorland Gaming USB-C Cable - Black 1.5 Meter | USB Type-C Connection and Quick Charge Cable for Xbox, PS5 Gamepad and Smartphones",759,"2,545"
"Smart clamp-adjustable mobile phone holder, rotatable holder, foldable design for installation on mobile devices, fits all smartphone models",110,6
"Desktop phone stand - ergonomic and adjustable stand for improved comfort, foldable design with silicone filler, which is ideal for all mobile devices and smartphones (3pcs)","25,550",384
"Rumyve Tactical Waist Bag,Molle Bag,Tactical EDC Bag Small Tool Bag,Outdoor Carry Bag for Smartphone(Style A)","84,950",31
GAMEPAD Smart Phone Gaming Controller For Mobile Phones,"76,950",8
"Silver Elite Tablet Pen for Smartphones and Tablets, Active Touchscreen Stylus with 4 POM Tips, 180-Degree Tilting Tip, Magnetic Stylus for iPad/Pro/Air/Mini/Phone/Samsung/Huawei/Lenovo/iOS/Android",100,3
"Whioltl Case for 12 Pro Max, Crystal Clear Basic Case, Shockproof Bumper Cover, Anti-Scratch Clear Back, Phone Cover for iPhone 12 Pro Max Smartphone, Transparent","3,750",44
MIRUN Wilderness Action Artifact Alloy Game Controller for Smartphones for Android and iOS Black,759,"9,937"
"Saramonic Ultra Wireless Lavalier Microphone, 32-Bit Float Recording, Timecode Sync, Noise Cancellation, IPX5 Water Resistance, 984’ Range, 130dB SPL, for Cameras, Smartphones, Computers",110,31
Hard Silicone Compact Phone Holder Round Design with 7 Strong Suction Cups – Grip Stand Compatible with All Smartphones And Flat Phone Surfaces - Pink,390,2
Tolobox Smart Phone Gaming Controller for Mobile Phones Triggers Pubg Fortnite,129,"2,073"
"Gaming Phone Cooler (DLA7), Cooling Fan with LED Semiconductor Heatsink, Cooling Case, for iPhone/Android Mobile Games, Smartphone Temperature","1,299",11
"Phone Cooler Gaming Fan, 3 Speed Adjustable Gaming Phone Cooling Fan with Digital Display, Universal Phone Cooler for iOS & Android Smartphones from 4.5 to 6.7 in, Phone Cooler for Live Streaming",463,87
MIRUN Wilderness Action Artifact Game Controller for Smartphones for Android and iOS -Black,360,44
"NHCDFA Mobile Phone Cooler, Universal Gaming Cooler for iPhone Android Smartphones 4.5-7In, Live Streaming",450,2
